{"data":{"position":[{"x":0,"y":0,"z":0},{"x":0,"y":0.2,"z":0}],"color":[[0.30980392156862746,0.9764705882352941,1],[0.30980392156862746,0.9764705882352941,1]]}}