{"data":{"position":[{"x":0,"y":0,"z":0},{"x":0,"y":0.2,"z":0}],"color":[[0.5614000000000001,0.23800000000000004,0.7],[0.5614000000000001,0.23800000000000004,0.7]]}}