{"data":{"position":[{"x":0,"y":0,"z":0}],"color":[[0.2784313725490196,0.2784313725490196,0.2784313725490196]]}}